train_roc,valid_roc,test_roc,train_pr,valid_pr,test_pr
0.9788752154208252,0.9745679558060636,0.9737977776907892,0.9768500367478978,0.9728503291756091,0.9721708064236086
